file,page,total_pages,province,constituency,district,sub_district,station_range,vote_type,form_type,quality_score,readable,ocr_constituency,ocr_station_no,ocr_sub_district,ocr_district,registered_voters,turnout,ballots_received,valid_ballots,invalid_ballots,no_vote_ballots,remaining_ballots,total_votes,candidates_count,candidates_json
เขตเลือกตั้งที่ 7\07-แบบ ส.ส.5_17-แบ่งเขต-นอกเขต.pdf,1,2,ชัยภูมิ,7,,,,แบ่งเขต,สส.5/17,3,True,2,,,,,,,61,2,3,,,0,[]
เขตเลือกตั้งที่ 7\07-แบบ ส.ส.5_17-แบ่งเขต-นอกเขต.pdf,2,2,ชัยภูมิ,7,,,,แบ่งเขต,สส.5/17,2,True,,,,,,,,,,,,,0,[]
เขตเลือกตั้งที่ 2\อำเภอจัตุรัส\ต.หนองโดน-แบ่งเขต_บัญชีรายชื่อ.pdf,1,66,ชัยภูมิ,2,จัตุรัส,หนองโดน,,แบ่งเขต+บัญชีรายชื่อ,สส.5/18,2,True,,,,,27,249,,208,24,1,,,2,"[{""number"": 2, ""name"": ""นายยู่ภัดี"", ""party"": ""ปรชน"", ""votes"": 909}, {""number"": 3, ""name"": ""นายชิงขายชาลีริทร์"", ""party"": ""เพื่อทย"", ""votes"": 149}]"
เขตเลือกตั้งที่ 2\อำเภอจัตุรัส\ต.หนองโดน-แบ่งเขต_บัญชีรายชื่อ.pdf,2,66,ชัยภูมิ,2,จัตุรัส,หนองโดน,,แบ่งเขต+บัญชีรายชื่อ,สส.5/18,2,True,,,,,,,,,,,,,0,[]
เขตเลือกตั้งที่ 2\อำเภอจัตุรัส\ต.หนองโดน-แบ่งเขต_บัญชีรายชื่อ.pdf,3,66,ชัยภูมิ,2,จัตุรัส,หนองโดน,,แบ่งเขต+บัญชีรายชื่อ,สส.5/18,2,True,,,,,,,,1,2,,,,0,[]
เขตเลือกตั้งที่ 2\อำเภอจัตุรัส\ต.หนองโดน-แบ่งเขต_บัญชีรายชื่อ.pdf,4,66,ชัยภูมิ,2,จัตุรัส,หนองโดน,,แบ่งเขต+บัญชีรายชื่อ,สส.5/18,2,True,,,,,,,,,,,,,0,[]
เขตเลือกตั้งที่ 2\อำเภอจัตุรัส\ต.หนองโดน-แบ่งเขต_บัญชีรายชื่อ.pdf,5,66,ชัยภูมิ,2,จัตุรัส,หนองโดน,,แบ่งเขต+บัญชีรายชื่อ,สส.5/18,2,True,,,,,,,,,,,,,0,[]
เขตเลือกตั้งที่ 2\อำเภอจัตุรัส\ต.หนองโดน-แบ่งเขต_บัญชีรายชื่อ.pdf,6,66,ชัยภูมิ,2,จัตุรัส,หนองโดน,,แบ่งเขต+บัญชีรายชื่อ,สส.5/18,2,True,,,,,,,,,,,,,0,[]
เขตเลือกตั้งที่ 2\อำเภอจัตุรัส\ต.หนองโดน-แบ่งเขต_บัญชีรายชื่อ.pdf,7,66,ชัยภูมิ,2,จัตุรัส,หนองโดน,,แบ่งเขต+บัญชีรายชื่อ,สส.5/18,2,True,,,,,,22,,,,,,,2,"[{""number"": 2, ""name"": ""นางสาววาสนา อยู่ภักดี"", ""party"": ""ประชาน"", ""votes"": 0}, {""number"": 3, ""name"": ""นายเชิงชาย ชาลีรินทร์"", ""party"": ""เพื่อทย"", ""votes"": 0}]"
เขตเลือกตั้งที่ 2\อำเภอจัตุรัส\ต.หนองโดน-แบ่งเขต_บัญชีรายชื่อ.pdf,8,66,ชัยภูมิ,2,จัตุรัส,หนองโดน,,แบ่งเขต+บัญชีรายชื่อ,สส.5/18,2,True,,,,,,,,,,,,,0,[]
เขตเลือกตั้งที่ 2\อำเภอจัตุรัส\ต.หนองโดน-แบ่งเขต_บัญชีรายชื่อ.pdf,9,66,ชัยภูมิ,2,จัตุรัส,หนองโดน,,แบ่งเขต+บัญชีรายชื่อ,สส.5/18,3,True,2,,,,,,,4,2,2,,,0,[]
เขตเลือกตั้งที่ 2\อำเภอจัตุรัส\ต.หนองโดน-แบ่งเขต_บัญชีรายชื่อ.pdf,10,66,ชัยภูมิ,2,จัตุรัส,หนองโดน,,แบ่งเขต+บัญชีรายชื่อ,สส.5/18,2,True,,,,,,,,,,,,,0,[]
เขตเลือกตั้งที่ 2\อำเภอจัตุรัส\ต.หนองโดน-แบ่งเขต_บัญชีรายชื่อ.pdf,11,66,ชัยภูมิ,2,จัตุรัส,หนองโดน,,แบ่งเขต+บัญชีรายชื่อ,สส.5/18,2,True,,,,,,,,,,,,,0,[]
เขตเลือกตั้งที่ 2\อำเภอจัตุรัส\ต.หนองโดน-แบ่งเขต_บัญชีรายชื่อ.pdf,12,66,ชัยภูมิ,2,จัตุรัส,หนองโดน,,แบ่งเขต+บัญชีรายชื่อ,สส.5/18,2,True,,,,,,,,,,,,,0,[]
เขตเลือกตั้งที่ 2\อำเภอจัตุรัส\ต.หนองโดน-แบ่งเขต_บัญชีรายชื่อ.pdf,13,66,ชัยภูมิ,2,จัตุรัส,หนองโดน,,แบ่งเขต+บัญชีรายชื่อ,สส.5/18,2,True,,61,,,,,,,5,29,,,2,"[{""number"": 1, ""name"": ""นายประเสรีฐศักดิ์ ขําหินตัง"", ""party"": ""ไทยก้าวใหม่"", ""votes"": 3000}, {""number"": 5, ""name"": ""นายณรงค์ แขนอก"", ""party"": ""เตร ลฑ์ไฟต"", ""votes"": null}]"
เขตเลือกตั้งที่ 2\อำเภอจัตุรัส\ต.หนองโดน-แบ่งเขต_บัญชีรายชื่อ.pdf,14,66,ชัยภูมิ,2,จัตุรัส,หนองโดน,,แบ่งเขต+บัญชีรายชื่อ,สส.5/18,2,True,,,,,,,,,,,,,0,[]
เขตเลือกตั้งที่ 2\อำเภอจัตุรัส\ต.หนองโดน-แบ่งเขต_บัญชีรายชื่อ.pdf,15,66,ชัยภูมิ,2,จัตุรัส,หนองโดน,,แบ่งเขต+บัญชีรายชื่อ,สส.5/18,3,True,,,,,,,,,1,,,,0,[]
เขตเลือกตั้งที่ 2\อำเภอจัตุรัส\ต.หนองโดน-แบ่งเขต_บัญชีรายชื่อ.pdf,16,66,ชัยภูมิ,2,จัตุรัส,หนองโดน,,แบ่งเขต+บัญชีรายชื่อ,สส.5/18,2,True,,,,,,,,,,,,,0,[]
เขตเลือกตั้งที่ 2\อำเภอจัตุรัส\ต.หนองโดน-แบ่งเขต_บัญชีรายชื่อ.pdf,17,66,ชัยภูมิ,2,จัตุรัส,หนองโดน,,แบ่งเขต+บัญชีรายชื่อ,สส.5/18,2,True,,,,,,,,,,,,,0,[]
เขตเลือกตั้งที่ 2\อำเภอจัตุรัส\ต.หนองโดน-แบ่งเขต_บัญชีรายชื่อ.pdf,18,66,ชัยภูมิ,2,จัตุรัส,หนองโดน,,แบ่งเขต+บัญชีรายชื่อ,สส.5/18,2,True,,,,,,,,,,,,,0,[]
เขตเลือกตั้งที่ 2\อำเภอจัตุรัส\ต.หนองโดน-แบ่งเขต_บัญชีรายชื่อ.pdf,19,66,ชัยภูมิ,2,จัตุรัส,หนองโดน,,แบ่งเขต+บัญชีรายชื่อ,สส.5/18,2,True,,,,,,,,,,,,,0,[]
เขตเลือกตั้งที่ 2\อำเภอจัตุรัส\ต.หนองโดน-แบ่งเขต_บัญชีรายชื่อ.pdf,20,66,ชัยภูมิ,2,จัตุรัส,หนองโดน,,แบ่งเขต+บัญชีรายชื่อ,สส.5/18,2,True,,,,,,,,,,,,,0,[]
เขตเลือกตั้งที่ 2\อำเภอจัตุรัส\ต.หนองโดน-แบ่งเขต_บัญชีรายชื่อ.pdf,21,66,ชัยภูมิ,2,จัตุรัส,หนองโดน,,แบ่งเขต+บัญชีรายชื่อ,สส.5/18,3,True,,,,,,,,,,,,,0,[]
เขตเลือกตั้งที่ 2\อำเภอจัตุรัส\ต.หนองโดน-แบ่งเขต_บัญชีรายชื่อ.pdf,22,66,ชัยภูมิ,2,จัตุรัส,หนองโดน,,แบ่งเขต+บัญชีรายชื่อ,สส.5/18,2,True,,,,,,,,,,,,,0,[]
เขตเลือกตั้งที่ 2\อำเภอจัตุรัส\ต.หนองโดน-แบ่งเขต_บัญชีรายชื่อ.pdf,23,66,ชัยภูมิ,2,จัตุรัส,หนองโดน,,แบ่งเขต+บัญชีรายชื่อ,สส.5/18,2,True,,,,,,,,,,,,,0,[]
เขตเลือกตั้งที่ 2\อำเภอจัตุรัส\ต.หนองโดน-แบ่งเขต_บัญชีรายชื่อ.pdf,24,66,ชัยภูมิ,2,จัตุรัส,หนองโดน,,แบ่งเขต+บัญชีรายชื่อ,สส.5/18,2,True,,,,,,,,,,,,,0,[]
เขตเลือกตั้งที่ 2\อำเภอจัตุรัส\ต.หนองโดน-แบ่งเขต_บัญชีรายชื่อ.pdf,25,66,ชัยภูมิ,2,จัตุรัส,หนองโดน,,แบ่งเขต+บัญชีรายชื่อ,สส.5/18,3,True,,,,,,,,,,,,,0,[]
เขตเลือกตั้งที่ 2\อำเภอจัตุรัส\ต.หนองโดน-แบ่งเขต_บัญชีรายชื่อ.pdf,26,66,ชัยภูมิ,2,จัตุรัส,หนองโดน,,แบ่งเขต+บัญชีรายชื่อ,สส.5/18,2,True,,,,,,,,,,,,,0,[]
เขตเลือกตั้งที่ 2\อำเภอจัตุรัส\ต.หนองโดน-แบ่งเขต_บัญชีรายชื่อ.pdf,27,66,ชัยภูมิ,2,จัตุรัส,หนองโดน,,แบ่งเขต+บัญชีรายชื่อ,สส.5/18,3,True,,2,,,73,,,,,2,7,,0,[]
เขตเลือกตั้งที่ 2\อำเภอจัตุรัส\ต.หนองโดน-แบ่งเขต_บัญชีรายชื่อ.pdf,28,66,ชัยภูมิ,2,จัตุรัส,หนองโดน,,แบ่งเขต+บัญชีรายชื่อ,สส.5/18,2,True,,,,,,,,,,,,,0,[]
เขตเลือกตั้งที่ 2\อำเภอจัตุรัส\ต.หนองโดน-แบ่งเขต_บัญชีรายชื่อ.pdf,29,66,ชัยภูมิ,2,จัตุรัส,หนองโดน,,แบ่งเขต+บัญชีรายชื่อ,สส.5/18,2,True,,,,,,,,,,,,,0,[]
เขตเลือกตั้งที่ 2\อำเภอจัตุรัส\ต.หนองโดน-แบ่งเขต_บัญชีรายชื่อ.pdf,30,66,ชัยภูมิ,2,จัตุรัส,หนองโดน,,แบ่งเขต+บัญชีรายชื่อ,สส.5/18,2,True,,,,,,,,,,,,,0,[]
เขตเลือกตั้งที่ 2\อำเภอจัตุรัส\ต.หนองโดน-แบ่งเขต_บัญชีรายชื่อ.pdf,31,66,ชัยภูมิ,2,จัตุรัส,หนองโดน,,แบ่งเขต+บัญชีรายชื่อ,สส.5/18,2,True,8,2,,,917,,,,2,467,,,3,"[{""number"": 2, ""name"": ""นางสาววาสนา อยู่ภักตี"", ""party"": ""ประชาชน"", ""votes"": 7}, {""number"": 3, ""name"": ""นายเชิงชาย ชาลีรินทร์"", ""party"": ""เพื่อไทย"", ""votes"": null}, {""number"": 5, ""name"": ""นายทัศนัย สุขประสาร"", ""party"": ""ภีจไทย จพปบป"", ""votes"": null}]"
เขตเลือกตั้งที่ 2\อำเภอจัตุรัส\ต.หนองโดน-แบ่งเขต_บัญชีรายชื่อ.pdf,32,66,ชัยภูมิ,2,จัตุรัส,หนองโดน,,แบ่งเขต+บัญชีรายชื่อ,สส.5/18,2,True,,,,,,,,,,,,,0,[]
เขตเลือกตั้งที่ 2\อำเภอจัตุรัส\ต.หนองโดน-แบ่งเขต_บัญชีรายชื่อ.pdf,33,66,ชัยภูมิ,2,จัตุรัส,หนองโดน,,แบ่งเขต+บัญชีรายชื่อ,สส.5/18,3,True,,,,,,,,,1,1,127,,0,[]
เขตเลือกตั้งที่ 2\อำเภอจัตุรัส\ต.หนองโดน-แบ่งเขต_บัญชีรายชื่อ.pdf,34,66,ชัยภูมิ,2,จัตุรัส,หนองโดน,,แบ่งเขต+บัญชีรายชื่อ,สส.5/18,2,True,,,,,,,,,,,,,0,[]
เขตเลือกตั้งที่ 2\อำเภอจัตุรัส\ต.หนองโดน-แบ่งเขต_บัญชีรายชื่อ.pdf,35,66,ชัยภูมิ,2,จัตุรัส,หนองโดน,,แบ่งเขต+บัญชีรายชื่อ,สส.5/18,2,True,,,,,,,,,,,,,0,[]
เขตเลือกตั้งที่ 2\อำเภอจัตุรัส\ต.หนองโดน-แบ่งเขต_บัญชีรายชื่อ.pdf,36,66,ชัยภูมิ,2,จัตุรัส,หนองโดน,,แบ่งเขต+บัญชีรายชื่อ,สส.5/18,2,True,,,,,,,,,,,,,0,[]
เขตเลือกตั้งที่ 2\อำเภอจัตุรัส\ต.หนองโดน-แบ่งเขต_บัญชีรายชื่อ.pdf,37,66,ชัยภูมิ,2,จัตุรัส,หนองโดน,,แบ่งเขต+บัญชีรายชื่อ,สส.5/18,2,True,,,,,1,,,,2,7,,,0,[]
เขตเลือกตั้งที่ 2\อำเภอจัตุรัส\ต.หนองโดน-แบ่งเขต_บัญชีรายชื่อ.pdf,38,66,ชัยภูมิ,2,จัตุรัส,หนองโดน,,แบ่งเขต+บัญชีรายชื่อ,สส.5/18,2,True,,,,,,,,,,,,,0,[]
เขตเลือกตั้งที่ 2\อำเภอจัตุรัส\ต.หนองโดน-แบ่งเขต_บัญชีรายชื่อ.pdf,39,66,ชัยภูมิ,2,จัตุรัส,หนองโดน,,แบ่งเขต+บัญชีรายชื่อ,สส.5/18,2,True,,,,,,,,,257,,,,0,[]
เขตเลือกตั้งที่ 2\อำเภอจัตุรัส\ต.หนองโดน-แบ่งเขต_บัญชีรายชื่อ.pdf,40,66,ชัยภูมิ,2,จัตุรัส,หนองโดน,,แบ่งเขต+บัญชีรายชื่อ,สส.5/18,2,True,,,,,,,,,,,,,0,[]
เขตเลือกตั้งที่ 2\อำเภอจัตุรัส\ต.หนองโดน-แบ่งเขต_บัญชีรายชื่อ.pdf,41,66,ชัยภูมิ,2,จัตุรัส,หนองโดน,,แบ่งเขต+บัญชีรายชื่อ,สส.5/18,2,True,,,,,,,,,,,,,0,[]
เขตเลือกตั้งที่ 2\อำเภอจัตุรัส\ต.หนองโดน-แบ่งเขต_บัญชีรายชื่อ.pdf,42,66,ชัยภูมิ,2,จัตุรัส,หนองโดน,,แบ่งเขต+บัญชีรายชื่อ,สส.5/18,2,True,,,,,,,,,,,,,0,[]
เขตเลือกตั้งที่ 2\อำเภอจัตุรัส\ต.หนองโดน-แบ่งเขต_บัญชีรายชื่อ.pdf,43,66,ชัยภูมิ,2,จัตุรัส,หนองโดน,,แบ่งเขต+บัญชีรายชื่อ,สส.5/18,2,True,,,,,,,,,2,22,25,,5,"[{""number"": 1, ""name"": ""นายประเสริฐศักดิ์ ข้าหินดัง"", ""party"": ""ไทยก้าวใหม่"", ""votes"": 0}, {""number"": 2, ""name"": ""นางสาววาสนา ยยู่ภักดี"", ""party"": ""ประชาชน"", ""votes"": 0}, {""number"": 3, ""name"": ""นายเชิงชาย ชาลีรินทร์"", ""party"": ""เพื่อไทย"", ""votes"": null}, {""number"": 5, ""name"": ""นายทัศนัย สุขประสาร"", ""party"": ""ภูมใไทย"", ""votes"": 940}, {""number"": 20, ""name"": ""นายโสโชค ล้โนนตาด"", ""party"": ""เซน รสา ด"", ""votes"": null}]"
เขตเลือกตั้งที่ 2\อำเภอจัตุรัส\ต.หนองโดน-แบ่งเขต_บัญชีรายชื่อ.pdf,44,66,ชัยภูมิ,2,จัตุรัส,หนองโดน,,แบ่งเขต+บัญชีรายชื่อ,สส.5/18,2,True,,,,,,,,,,,,,0,[]
เขตเลือกตั้งที่ 2\อำเภอจัตุรัส\ต.หนองโดน-แบ่งเขต_บัญชีรายชื่อ.pdf,45,66,ชัยภูมิ,2,จัตุรัส,หนองโดน,,แบ่งเขต+บัญชีรายชื่อ,สส.5/18,2,True,,,,,,,,,617,757,,,0,[]
เขตเลือกตั้งที่ 2\อำเภอจัตุรัส\ต.หนองโดน-แบ่งเขต_บัญชีรายชื่อ.pdf,46,66,ชัยภูมิ,2,จัตุรัส,หนองโดน,,แบ่งเขต+บัญชีรายชื่อ,สส.5/18,2,True,,,,,,,,,,,,,0,[]
เขตเลือกตั้งที่ 2\อำเภอจัตุรัส\ต.หนองโดน-แบ่งเขต_บัญชีรายชื่อ.pdf,47,66,ชัยภูมิ,2,จัตุรัส,หนองโดน,,แบ่งเขต+บัญชีรายชื่อ,สส.5/18,2,True,,,,,,,,,,,,,0,[]
เขตเลือกตั้งที่ 2\อำเภอจัตุรัส\ต.หนองโดน-แบ่งเขต_บัญชีรายชื่อ.pdf,48,66,ชัยภูมิ,2,จัตุรัส,หนองโดน,,แบ่งเขต+บัญชีรายชื่อ,สส.5/18,2,True,,,,,,,,,,,,,0,[]
เขตเลือกตั้งที่ 2\อำเภอจัตุรัส\ต.หนองโดน-แบ่งเขต_บัญชีรายชื่อ.pdf,49,66,ชัยภูมิ,2,จัตุรัส,หนองโดน,,แบ่งเขต+บัญชีรายชื่อ,สส.5/18,2,True,,,,,,,,2,4,5,,,4,"[{""number"": 1, ""name"": ""นายประเสริฐศักดิ์ ขําหินติง"", ""party"": ""ไทยถ้าวใหม่"", ""votes"": 22}, {""number"": 2, ""name"": ""นางสาววาสนา อยู่ภักดี"", ""party"": ""ประชาชน"", ""votes"": 7}, {""number"": 3, ""name"": ""นายเชิงชาย ซาลีรินทร์"", ""party"": ""เพื่โทย"", ""votes"": 2}, {""number"": 5, ""name"": ""นายทัศนัย สุขประสาร"", ""party"": ""มิจไทย"", ""votes"": 0}]"
เขตเลือกตั้งที่ 2\อำเภอจัตุรัส\ต.หนองโดน-แบ่งเขต_บัญชีรายชื่อ.pdf,50,66,ชัยภูมิ,2,จัตุรัส,หนองโดน,,แบ่งเขต+บัญชีรายชื่อ,สส.5/18,2,True,,,,,,,,,,,,,0,[]
เขตเลือกตั้งที่ 2\อำเภอจัตุรัส\ต.หนองโดน-แบ่งเขต_บัญชีรายชื่อ.pdf,51,66,ชัยภูมิ,2,จัตุรัส,หนองโดน,,แบ่งเขต+บัญชีรายชื่อ,สส.5/18,3,True,,,,,,,9,,,2,,,0,[]
เขตเลือกตั้งที่ 2\อำเภอจัตุรัส\ต.หนองโดน-แบ่งเขต_บัญชีรายชื่อ.pdf,52,66,ชัยภูมิ,2,จัตุรัส,หนองโดน,,แบ่งเขต+บัญชีรายชื่อ,สส.5/18,2,True,,,,,,,,,,,,,0,[]
เขตเลือกตั้งที่ 2\อำเภอจัตุรัส\ต.หนองโดน-แบ่งเขต_บัญชีรายชื่อ.pdf,53,66,ชัยภูมิ,2,จัตุรัส,หนองโดน,,แบ่งเขต+บัญชีรายชื่อ,สส.5/18,2,True,,,,,,,,,,,,,0,[]
เขตเลือกตั้งที่ 2\อำเภอจัตุรัส\ต.หนองโดน-แบ่งเขต_บัญชีรายชื่อ.pdf,54,66,ชัยภูมิ,2,จัตุรัส,หนองโดน,,แบ่งเขต+บัญชีรายชื่อ,สส.5/18,2,True,,,,,,,,,,,,,0,[]
เขตเลือกตั้งที่ 2\อำเภอจัตุรัส\ต.หนองโดน-แบ่งเขต_บัญชีรายชื่อ.pdf,55,66,ชัยภูมิ,2,จัตุรัส,หนองโดน,,แบ่งเขต+บัญชีรายชื่อ,สส.5/18,2,True,,,,,,,520162,7,2050,5,,,4,"[{""number"": 1, ""name"": ""นายประเสริฐศักดิ์ ขําหินตั้ง"", ""party"": ""ไทยถ้าวใหม่"", ""votes"": null}, {""number"": 3, ""name"": ""นายเชิงชาย ชาลีรินทร์"", ""party"": ""เพื่อไทย"", ""votes"": 9}, {""number"": 5, ""name"": ""นายทัศนัย สุขประสาร"", ""party"": ""ภูมิใจไทย"", ""votes"": 50}, {""number"": 7, ""name"": ""นางสาววาสนา อยู่ภักดี"", ""party"": ""ประชาชน"", ""votes"": 0}]"
เขตเลือกตั้งที่ 2\อำเภอจัตุรัส\ต.หนองโดน-แบ่งเขต_บัญชีรายชื่อ.pdf,56,66,ชัยภูมิ,2,จัตุรัส,หนองโดน,,แบ่งเขต+บัญชีรายชื่อ,สส.5/18,2,True,,,,,,,,,,,,,0,[]
เขตเลือกตั้งที่ 2\อำเภอจัตุรัส\ต.หนองโดน-แบ่งเขต_บัญชีรายชื่อ.pdf,57,66,ชัยภูมิ,2,จัตุรัส,หนองโดน,,แบ่งเขต+บัญชีรายชื่อ,สส.5/18,2,True,,,,,50,,,2,63,4,,,0,[]
เขตเลือกตั้งที่ 2\อำเภอจัตุรัส\ต.หนองโดน-แบ่งเขต_บัญชีรายชื่อ.pdf,58,66,ชัยภูมิ,2,จัตุรัส,หนองโดน,,แบ่งเขต+บัญชีรายชื่อ,สส.5/18,2,True,,,,,,,,,,,,,0,[]
เขตเลือกตั้งที่ 2\อำเภอจัตุรัส\ต.หนองโดน-แบ่งเขต_บัญชีรายชื่อ.pdf,59,66,ชัยภูมิ,2,จัตุรัส,หนองโดน,,แบ่งเขต+บัญชีรายชื่อ,สส.5/18,2,True,,,,,,,,,,,,,0,[]
เขตเลือกตั้งที่ 2\อำเภอจัตุรัส\ต.หนองโดน-แบ่งเขต_บัญชีรายชื่อ.pdf,60,66,ชัยภูมิ,2,จัตุรัส,หนองโดน,,แบ่งเขต+บัญชีรายชื่อ,สส.5/18,2,True,,,,,,,,,,,,,0,[]
เขตเลือกตั้งที่ 2\อำเภอจัตุรัส\ต.หนองโดน-แบ่งเขต_บัญชีรายชื่อ.pdf,61,66,ชัยภูมิ,2,จัตุรัส,หนองโดน,,แบ่งเขต+บัญชีรายชื่อ,สส.5/18,2,True,,,,,,,22,222,2,2,,,4,"[{""number"": 1, ""name"": ""นายประเสริฐศักดิ์ ขําหินตั้ง"", ""party"": ""ไทยก้าวใหม่"", ""votes"": 2}, {""number"": 2, ""name"": ""นางสาววาสบา อยู่ภักี ฝไ"", ""party"": ""ฝประชาชน"", ""votes"": 1}, {""number"": 3, ""name"": ""นายเชิงชาย ชาลีรินทร์"", ""party"": ""เพื่ไทย"", ""votes"": 2}, {""number"": 5, ""name"": ""นายทัศบัย สุขประสาร"", ""party"": ""ภมีใจไทย"", ""votes"": 2414}]"
เขตเลือกตั้งที่ 2\อำเภอจัตุรัส\ต.หนองโดน-แบ่งเขต_บัญชีรายชื่อ.pdf,62,66,ชัยภูมิ,2,จัตุรัส,หนองโดน,,แบ่งเขต+บัญชีรายชื่อ,สส.5/18,1,False,,,,,,,,,,,,,0,[]
เขตเลือกตั้งที่ 2\อำเภอจัตุรัส\ต.หนองโดน-แบ่งเขต_บัญชีรายชื่อ.pdf,63,66,ชัยภูมิ,2,จัตุรัส,หนองโดน,,แบ่งเขต+บัญชีรายชื่อ,สส.5/18,2,True,2,,,,,,,,,,,,0,[]
เขตเลือกตั้งที่ 2\อำเภอจัตุรัส\ต.หนองโดน-แบ่งเขต_บัญชีรายชื่อ.pdf,64,66,ชัยภูมิ,2,จัตุรัส,หนองโดน,,แบ่งเขต+บัญชีรายชื่อ,สส.5/18,2,True,,,,,,,,,,,,,0,[]
เขตเลือกตั้งที่ 2\อำเภอจัตุรัส\ต.หนองโดน-แบ่งเขต_บัญชีรายชื่อ.pdf,65,66,ชัยภูมิ,2,จัตุรัส,หนองโดน,,แบ่งเขต+บัญชีรายชื่อ,สส.5/18,2,True,,,,,,,,,,,,,0,[]
เขตเลือกตั้งที่ 2\อำเภอจัตุรัส\ต.หนองโดน-แบ่งเขต_บัญชีรายชื่อ.pdf,66,66,ชัยภูมิ,2,จัตุรัส,หนองโดน,,แบ่งเขต+บัญชีรายชื่อ,สส.5/18,2,True,,,,,,,,,,,,,0,[]
เขตเลือกตั้งที่ 7\อำเภอแก้งคร้อ\ต.ช่องสามหมอ-บัญชีรายชื่อ-หน่วยที่ 1-9.pdf,1,36,ชัยภูมิ,7,แก้งคร้อ,ช่องสามหมอ,1-9,บัญชีรายชื่อ,สส.5/18,2,True,,,,,,,,,,,,,0,[]
เขตเลือกตั้งที่ 7\อำเภอแก้งคร้อ\ต.ช่องสามหมอ-บัญชีรายชื่อ-หน่วยที่ 1-9.pdf,2,36,ชัยภูมิ,7,แก้งคร้อ,ช่องสามหมอ,1-9,บัญชีรายชื่อ,สส.5/18,1,False,,,,,,,,,,,,,0,[]
เขตเลือกตั้งที่ 7\อำเภอแก้งคร้อ\ต.ช่องสามหมอ-บัญชีรายชื่อ-หน่วยที่ 1-9.pdf,3,36,ชัยภูมิ,7,แก้งคร้อ,ช่องสามหมอ,1-9,บัญชีรายชื่อ,สส.5/18,1,False,,,,,,,,,,,,,0,[]
เขตเลือกตั้งที่ 7\อำเภอแก้งคร้อ\ต.ช่องสามหมอ-บัญชีรายชื่อ-หน่วยที่ 1-9.pdf,4,36,ชัยภูมิ,7,แก้งคร้อ,ช่องสามหมอ,1-9,บัญชีรายชื่อ,สส.5/18,1,False,,,,,,,,,,,,,0,[]
เขตเลือกตั้งที่ 7\อำเภอแก้งคร้อ\ต.ช่องสามหมอ-บัญชีรายชื่อ-หน่วยที่ 1-9.pdf,5,36,ชัยภูมิ,7,แก้งคร้อ,ช่องสามหมอ,1-9,บัญชีรายชื่อ,สส.5/18,2,True,,,,,,,,,,,,,0,[]
เขตเลือกตั้งที่ 7\อำเภอแก้งคร้อ\ต.ช่องสามหมอ-บัญชีรายชื่อ-หน่วยที่ 1-9.pdf,6,36,ชัยภูมิ,7,แก้งคร้อ,ช่องสามหมอ,1-9,บัญชีรายชื่อ,สส.5/18,1,False,,,,,,,,,,,,,0,[]
เขตเลือกตั้งที่ 7\อำเภอแก้งคร้อ\ต.ช่องสามหมอ-บัญชีรายชื่อ-หน่วยที่ 1-9.pdf,7,36,ชัยภูมิ,7,แก้งคร้อ,ช่องสามหมอ,1-9,บัญชีรายชื่อ,สส.5/18,2,True,,,,,,,,,,,,,0,[]
เขตเลือกตั้งที่ 7\อำเภอแก้งคร้อ\ต.ช่องสามหมอ-บัญชีรายชื่อ-หน่วยที่ 1-9.pdf,8,36,ชัยภูมิ,7,แก้งคร้อ,ช่องสามหมอ,1-9,บัญชีรายชื่อ,สส.5/18,1,False,,,,,,,,,,,,,0,[]
เขตเลือกตั้งที่ 7\อำเภอแก้งคร้อ\ต.ช่องสามหมอ-บัญชีรายชื่อ-หน่วยที่ 1-9.pdf,9,36,ชัยภูมิ,7,แก้งคร้อ,ช่องสามหมอ,1-9,บัญชีรายชื่อ,สส.5/18,2,True,,,,,,,,,,,,,0,[]
เขตเลือกตั้งที่ 7\อำเภอแก้งคร้อ\ต.ช่องสามหมอ-บัญชีรายชื่อ-หน่วยที่ 1-9.pdf,10,36,ชัยภูมิ,7,แก้งคร้อ,ช่องสามหมอ,1-9,บัญชีรายชื่อ,สส.5/18,1,False,,,,,,,,,,,,,0,[]
เขตเลือกตั้งที่ 7\อำเภอแก้งคร้อ\ต.ช่องสามหมอ-บัญชีรายชื่อ-หน่วยที่ 1-9.pdf,11,36,ชัยภูมิ,7,แก้งคร้อ,ช่องสามหมอ,1-9,บัญชีรายชื่อ,สส.5/18,1,False,,,,,,,,,,,,,0,[]
เขตเลือกตั้งที่ 7\อำเภอแก้งคร้อ\ต.ช่องสามหมอ-บัญชีรายชื่อ-หน่วยที่ 1-9.pdf,12,36,ชัยภูมิ,7,แก้งคร้อ,ช่องสามหมอ,1-9,บัญชีรายชื่อ,สส.5/18,1,False,,,,,,,,,,,,,0,[]
เขตเลือกตั้งที่ 7\อำเภอแก้งคร้อ\ต.ช่องสามหมอ-บัญชีรายชื่อ-หน่วยที่ 1-9.pdf,13,36,ชัยภูมิ,7,แก้งคร้อ,ช่องสามหมอ,1-9,บัญชีรายชื่อ,สส.5/18,2,True,,,,,,,,5,,505,,,0,[]
เขตเลือกตั้งที่ 7\อำเภอแก้งคร้อ\ต.ช่องสามหมอ-บัญชีรายชื่อ-หน่วยที่ 1-9.pdf,14,36,ชัยภูมิ,7,แก้งคร้อ,ช่องสามหมอ,1-9,บัญชีรายชื่อ,สส.5/18,1,False,,,,,,,,,,,,,0,[]
เขตเลือกตั้งที่ 7\อำเภอแก้งคร้อ\ต.ช่องสามหมอ-บัญชีรายชื่อ-หน่วยที่ 1-9.pdf,15,36,ชัยภูมิ,7,แก้งคร้อ,ช่องสามหมอ,1-9,บัญชีรายชื่อ,สส.5/18,1,False,,,,,,,,,,,,,0,[]
เขตเลือกตั้งที่ 7\อำเภอแก้งคร้อ\ต.ช่องสามหมอ-บัญชีรายชื่อ-หน่วยที่ 1-9.pdf,16,36,ชัยภูมิ,7,แก้งคร้อ,ช่องสามหมอ,1-9,บัญชีรายชื่อ,สส.5/18,1,False,,,,,,,,,,,,,0,[]
เขตเลือกตั้งที่ 7\อำเภอแก้งคร้อ\ต.ช่องสามหมอ-บัญชีรายชื่อ-หน่วยที่ 1-9.pdf,17,36,ชัยภูมิ,7,แก้งคร้อ,ช่องสามหมอ,1-9,บัญชีรายชื่อ,สส.5/18,2,True,,,,,,,,,,,,,0,[]
เขตเลือกตั้งที่ 7\อำเภอแก้งคร้อ\ต.ช่องสามหมอ-บัญชีรายชื่อ-หน่วยที่ 1-9.pdf,18,36,ชัยภูมิ,7,แก้งคร้อ,ช่องสามหมอ,1-9,บัญชีรายชื่อ,สส.5/18,1,False,,,,,,,,,,,,,0,[]
เขตเลือกตั้งที่ 7\อำเภอแก้งคร้อ\ต.ช่องสามหมอ-บัญชีรายชื่อ-หน่วยที่ 1-9.pdf,19,36,ชัยภูมิ,7,แก้งคร้อ,ช่องสามหมอ,1-9,บัญชีรายชื่อ,สส.5/18,1,False,,,,,,,,,,,,,0,[]
เขตเลือกตั้งที่ 7\อำเภอแก้งคร้อ\ต.ช่องสามหมอ-บัญชีรายชื่อ-หน่วยที่ 1-9.pdf,20,36,ชัยภูมิ,7,แก้งคร้อ,ช่องสามหมอ,1-9,บัญชีรายชื่อ,สส.5/18,1,False,,,,,,,,,,,,,0,[]
เขตเลือกตั้งที่ 7\อำเภอแก้งคร้อ\ต.ช่องสามหมอ-บัญชีรายชื่อ-หน่วยที่ 1-9.pdf,21,36,ชัยภูมิ,7,แก้งคร้อ,ช่องสามหมอ,1-9,บัญชีรายชื่อ,สส.5/18,2,True,,,,,,,,,,,,,0,[]
เขตเลือกตั้งที่ 7\อำเภอแก้งคร้อ\ต.ช่องสามหมอ-บัญชีรายชื่อ-หน่วยที่ 1-9.pdf,22,36,ชัยภูมิ,7,แก้งคร้อ,ช่องสามหมอ,1-9,บัญชีรายชื่อ,สส.5/18,1,False,,,,,,,,,,,,,0,[]
เขตเลือกตั้งที่ 7\อำเภอแก้งคร้อ\ต.ช่องสามหมอ-บัญชีรายชื่อ-หน่วยที่ 1-9.pdf,23,36,ชัยภูมิ,7,แก้งคร้อ,ช่องสามหมอ,1-9,บัญชีรายชื่อ,สส.5/18,2,True,,,,,,,,,,,,,0,[]
เขตเลือกตั้งที่ 7\อำเภอแก้งคร้อ\ต.ช่องสามหมอ-บัญชีรายชื่อ-หน่วยที่ 1-9.pdf,24,36,ชัยภูมิ,7,แก้งคร้อ,ช่องสามหมอ,1-9,บัญชีรายชื่อ,สส.5/18,0,False,,,,,,,,,,,,,0,[]
เขตเลือกตั้งที่ 7\อำเภอแก้งคร้อ\ต.ช่องสามหมอ-บัญชีรายชื่อ-หน่วยที่ 1-9.pdf,25,36,ชัยภูมิ,7,แก้งคร้อ,ช่องสามหมอ,1-9,บัญชีรายชื่อ,สส.5/18,2,True,,2,,,,,,4,,2,,,0,[]
เขตเลือกตั้งที่ 7\อำเภอแก้งคร้อ\ต.ช่องสามหมอ-บัญชีรายชื่อ-หน่วยที่ 1-9.pdf,26,36,ชัยภูมิ,7,แก้งคร้อ,ช่องสามหมอ,1-9,บัญชีรายชื่อ,สส.5/18,1,False,,,,,,,,,,,,,0,[]
เขตเลือกตั้งที่ 7\อำเภอแก้งคร้อ\ต.ช่องสามหมอ-บัญชีรายชื่อ-หน่วยที่ 1-9.pdf,27,36,ชัยภูมิ,7,แก้งคร้อ,ช่องสามหมอ,1-9,บัญชีรายชื่อ,สส.5/18,2,True,,,,,,,,,,,,,0,[]
เขตเลือกตั้งที่ 7\อำเภอแก้งคร้อ\ต.ช่องสามหมอ-บัญชีรายชื่อ-หน่วยที่ 1-9.pdf,28,36,ชัยภูมิ,7,แก้งคร้อ,ช่องสามหมอ,1-9,บัญชีรายชื่อ,สส.5/18,1,False,,,,,,,,,,,,,0,[]
เขตเลือกตั้งที่ 7\อำเภอแก้งคร้อ\ต.ช่องสามหมอ-บัญชีรายชื่อ-หน่วยที่ 1-9.pdf,29,36,ชัยภูมิ,7,แก้งคร้อ,ช่องสามหมอ,1-9,บัญชีรายชื่อ,สส.5/18,2,True,,,,,,,,,2,,,,0,[]
เขตเลือกตั้งที่ 7\อำเภอแก้งคร้อ\ต.ช่องสามหมอ-บัญชีรายชื่อ-หน่วยที่ 1-9.pdf,30,36,ชัยภูมิ,7,แก้งคร้อ,ช่องสามหมอ,1-9,บัญชีรายชื่อ,สส.5/18,1,False,,,,,,,,,,,,,0,[]
เขตเลือกตั้งที่ 7\อำเภอแก้งคร้อ\ต.ช่องสามหมอ-บัญชีรายชื่อ-หน่วยที่ 1-9.pdf,31,36,ชัยภูมิ,7,แก้งคร้อ,ช่องสามหมอ,1-9,บัญชีรายชื่อ,สส.5/18,2,True,,,,,,,,,,,,,0,[]
เขตเลือกตั้งที่ 7\อำเภอแก้งคร้อ\ต.ช่องสามหมอ-บัญชีรายชื่อ-หน่วยที่ 1-9.pdf,32,36,ชัยภูมิ,7,แก้งคร้อ,ช่องสามหมอ,1-9,บัญชีรายชื่อ,สส.5/18,1,False,,,,,,,,,,,,,0,[]
เขตเลือกตั้งที่ 7\อำเภอแก้งคร้อ\ต.ช่องสามหมอ-บัญชีรายชื่อ-หน่วยที่ 1-9.pdf,33,36,ชัยภูมิ,7,แก้งคร้อ,ช่องสามหมอ,1-9,บัญชีรายชื่อ,สส.5/18,1,False,,,,,,,,,,,,,0,[]
เขตเลือกตั้งที่ 7\อำเภอแก้งคร้อ\ต.ช่องสามหมอ-บัญชีรายชื่อ-หน่วยที่ 1-9.pdf,34,36,ชัยภูมิ,7,แก้งคร้อ,ช่องสามหมอ,1-9,บัญชีรายชื่อ,สส.5/18,1,False,,,,,,,,,,,,,0,[]
เขตเลือกตั้งที่ 7\อำเภอแก้งคร้อ\ต.ช่องสามหมอ-บัญชีรายชื่อ-หน่วยที่ 1-9.pdf,35,36,ชัยภูมิ,7,แก้งคร้อ,ช่องสามหมอ,1-9,บัญชีรายชื่อ,สส.5/18,1,False,,,,,,,,,,,,,0,[]
เขตเลือกตั้งที่ 7\อำเภอแก้งคร้อ\ต.ช่องสามหมอ-บัญชีรายชื่อ-หน่วยที่ 1-9.pdf,36,36,ชัยภูมิ,7,แก้งคร้อ,ช่องสามหมอ,1-9,บัญชีรายชื่อ,สส.5/18,1,False,,,,,,,,,,,,,0,[]
